  'God is typing ...','36332','0xb932a70A57673d89f4acfFBE830E8ed7f75Fb9e0'
  '''SPECIAL OPERATION''','33009','0xb932a70A57673d89f4acfFBE830E8ed7f75Fb9e0','2022'  
  'THE FUD','32171','0xb932a70A57673d89f4acfFBE830E8ed7f75Fb9e0','2022'  
  'DECAY','30801','0xb932a70A57673d89f4acfFBE830E8ed7f75Fb9e0','2021'  
  'DANKRUPT','29757','0xb932a70A57673d89f4acfFBE830E8ed7f75Fb9e0','2021'  
  'summer.jpg','26722','0xb932a70A57673d89f4acfFBE830E8ed7f75Fb9e0','2021'  
  'The Death of Cash','25466','0xb932a70a57673d89f4acffbe830e8ed7f75fb9e0','2021'  
  'Proof of War','21287','0xb932a70a57673d89f4acffbe830e8ed7f75fb9e0','2021'  
  'EXPERTS','20551','0xb932a70a57673d89f4acffbe830e8ed7f75fb9e0','2021'  
  'This is clearly money laundering','20407','0xb932a70a57673d89f4acffbe830e8ed7f75fb9e0','2021'  
  'THE_HORROR','18197','0xb932a70a57673d89f4acffbe830e8ed7f75fb9e0','2021'  
  'Do Nothing','18069','0xb932a70a57673d89f4acffbe830e8ed7f75fb9e0','2021'  
  'Your time won''t come.','17234','0xb932a70a57673d89f4acffbe830e8ed7f75fb9e0','2020'  
  'CryptoArtLand','16970','0xb932a70A57673d89f4acfFBE830E8ed7f75Fb9e0','2020'  
  'Cryptoart drama level (extreme)','13313','0xb932a70a57673d89f4acffbe830e8ed7f75fb9e0','2020'  
  'Your new favourite t-shirt arrived','13283','0xb932a70A57673d89f4acfFBE830E8ed7f75Fb9e0','2020'  
  'Five Eyes','11221','0xb932a70a57673d89f4acffbe830e8ed7f75fb9e0','2020'  
  'EVADER','11088','0xb932a70a57673d89f4acffbe830e8ed7f75fb9e0','2020'  
  'BROKEN','10720','0xb932a70a57673d89f4acffbe830e8ed7f75fb9e0','2020'  
  'Hope','10497','0xb932a70A57673d89f4acfFBE830E8ed7f75Fb9e0','2020'  
  'Back to School','10272','0xb932a70a57673d89f4acffbe830e8ed7f75fb9e0','2020'  
  'N','10093','0xb932a70a57673d89f4acffbe830e8ed7f75fb9e0','2020'  
  'WFH_Death','9304','0xb932a70a57673d89f4acffbe830e8ed7f75fb9e0','2020'  
  'CITIZENS!','9129','0xb932a70a57673d89f4acffbe830e8ed7f75fb9e0','2020'  
  'BRITONS','9038','0xb932a70a57673d89f4acffbe830e8ed7f75fb9e0','2020'  
  'PANIC STATIONS','8803','0xb932a70A57673d89f4acfFBE830E8ed7f75Fb9e0','2020'  
  'ART HISTORY: VOLUMES I - X','8711','0xb932a70a57673d89f4acffbe830e8ed7f75fb9e0','2020'  
  'Infinite Burn','8110','0xb932a70a57673d89f4acffbe830e8ed7f75fb9e0','2020'  
  'One Love','7770','0xb932a70a57673d89f4acffbe830e8ed7f75fb9e0','2020'  
  'data_lords','7533','0xb932a70A57673d89f4acfFBE830E8ed7f75Fb9e0','2020'  
  'The Amulet','7422','0xb932a70a57673d89f4acffbe830e8ed7f75fb9e0','2020'  
  'Blood Run','7009','0xb932a70A57673d89f4acfFBE830E8ed7f75Fb9e0','2020'  
  'FOMO','6708','0xb932a70A57673d89f4acfFBE830E8ed7f75Fb9e0','2019'  
  'D I S O R D E R','6623','0xb932a70A57673d89f4acfFBE830E8ed7f75Fb9e0','2019'  
  'The Burning','6557','0xb932a70a57673d89f4acffbe830e8ed7f75fb9e0','2019'  
  'O B E D I E N T','6504','0xb932a70a57673d89f4acffbe830e8ed7f75fb9e0','2019'  
  'Gods of Tesco Metro','6396','0xb932a70a57673d89f4acffbe830e8ed7f75fb9e0','2019'  
  '...but you can''t hang it on your wall','6260','0xb932a70a57673d89f4acffbe830e8ed7f75fb9e0','2019'  
  'A sea of motherfuckers on platform 24','6186','0xb932a70a57673d89f4acffbe830e8ed7f75fb9e0','2019'  
  'TRUTH or POWER','6141','0xb932a70a57673d89f4acffbe830e8ed7f75fb9e0','2019'  
  '10th Floor Ethics','6110','0xb932a70a57673d89f4acffbe830e8ed7f75fb9e0','2019'  
  'WeWork Boi','6100','0xb932a70a57673d89f4acffbe830e8ed7f75fb9e0','2019'  
  'the apprpriate loss of control','5882','0xb932a70a57673d89f4acffbe830e8ed7f75fb9e0','2019'  
  'In The Hole','5529','0xb932a70a57673d89f4acffbe830e8ed7f75fb9e0','2019'  
  'Hatehole','5409','0xb932a70a57673d89f4acffbe830e8ed7f75fb9e0','2019'  
  'LA_h-u-m-a-n','5143','0xb932a70a57673d89f4acffbe830e8ed7f75fb9e0','2019'  
  'Pteron','5114','0xb932a70a57673d89f4acffbe830e8ed7f75fb9e0','2019'  
  'Bad Code','5057','0xb932a70a57673d89f4acffbe830e8ed7f75fb9e0','2019'  
  'Puppy Therapy','5041','0xb932a70A57673d89f4acfFBE830E8ed7f75Fb9e0','2019'  
  'KING Cricket Soup','5009','0xb932a70a57673d89f4acffbe830e8ed7f75fb9e0','2019'  
  'Splash','4963','0xb932a70a57673d89f4acffbe830e8ed7f75fb9e0','2019'  
  'T H I N K','4917','0xb932a70A57673d89f4acfFBE830E8ed7f75Fb9e0','2019'  
  'Right-click and Save As girl','4889','0xb932a70a57673d89f4acffbe830e8ed7f75fb9e0','2019'  
  'No Favour','4584','0xb932a70a57673d89f4acffbe830e8ed7f75fb9e0','2019'  
  'Mr. Elevator','4576','0xb932a70a57673d89f4acffbe830e8ed7f75fb9e0','2019'  
  'mortal_','4386','0x41a322b28d0ff354040e2cbc676f0320d8c8850d','2019'  
  'You can''t breathe money','4371','0x41a322b28d0ff354040e2cbc676f0320d8c8850d','2019'  
  'Skin, Bone, Blood','4295','0x41A322b28D0fF354040e2CbC676F0320d8c8850d','2019'  
  'Let the bad times roll','4057','0x41a322b28d0ff354040e2cbc676f0320d8c8850d','2019'  
  'OVERWHELM','3999','0x41a322b28d0ff354040e2cbc676f0320d8c8850d','2019'  
  'trigger_optics','3928','0x41a322b28d0ff354040e2cbc676f0320d8c8850d','2019'  
  't-r-e-n-d-e-r','3767','0x41a322b28d0ff354040e2cbc676f0320d8c8850d','2019'  
  'Bad Flavour','3722','0x41A322b28D0fF354040e2CbC676F0320d8c8850d','2019'  
  'You''re wasting your life. Literally.','3566','0x41A322b28D0fF354040e2CbC676F0320d8c8850d','2019'  
  'Feels off-brand','3548','0x41a322b28d0ff354040e2cbc676f0320d8c8850d','2019'  
  'Us and Them','3370','0x41a322b28d0ff354040e2cbc676f0320d8c8850d','2019'  
  '0','3177','0x41a322b28d0ff354040e2cbc676f0320d8c8850d','2019'  
  'DISCONNECT','3144','0x41a322b28d0ff354040e2cbc676f0320d8c8850d','2019'  
  'The Doomed (mono)','3068','0x41a322b28d0ff354040e2cbc676f0320d8c8850d','2019'  
  'Taxman','2682','0x41a322b28d0ff354040e2cbc676f0320d8c8850d','2019'  
  'The Useless','2460','0x41a322b28d0ff354040e2cbc676f0320d8c8850d','2019'  
  'Gobshite','2423','0x41a322b28d0ff354040e2cbc676f0320d8c8850d','2019'  
  'Orb','2369','0x41a322b28d0ff354040e2cbc676f0320d8c8850d','2019'  
  'The State of Us','2273','0x41A322b28D0fF354040e2CbC676F0320d8c8850d','2019'  
  'DOOM','2240','0x41a322b28d0ff354040e2cbc676f0320d8c8850d','2019'  
  'Fleshtrap','2220','0x41A322b28D0fF354040e2CbC676F0320d8c8850d','2019'  
  'Death by Algorithm','2172','0x41a322b28d0ff354040e2cbc676f0320d8c8850d','2019'  
  'Some Other Asshole','2123','0x41A322b28D0fF354040e2CbC676F0320d8c8850d','2019'  
  'Don''t Panic','2076','0x41a322b28d0ff354040e2cbc676f0320d8c8850d','2019'  
  'Space Junkie','2058','0x41a322b28d0ff354040e2cbc676f0320d8c8850d','2019'  
  'Utopia','2044','0x41a322b28d0ff354040e2cbc676f0320d8c8850d','2019'  
  'Deathwave','2034','0x41A322b28D0fF354040e2CbC676F0320d8c8850d','2019'  
  'You could seriously be a model','1985','0x41a322b28d0ff354040e2cbc676f0320d8c8850d','2019'  
  'When Airdrop?','1971','0x41A322b28D0fF354040e2CbC676F0320d8c8850d','2019'  
  'Afterglow','1936','0x41A322b28D0fF354040e2CbC676F0320d8c8850d','2019'  
  'House of FOMO','1906','0x41a322b28d0ff354040e2cbc676f0320d8c8850d','2019'  
  'Influencer','1893','0x41a322b28d0ff354040e2cbc676f0320d8c8850d','2019'  
  'FEEL','1842','0x41a322b28d0ff354040e2cbc676f0320d8c8850d','2019'  
  'Nullwave','1825','0x41a322b28d0ff354040e2cbc676f0320d8c8850d','2019'  
  'Breaker','1763','0x41A322b28D0fF354040e2CbC676F0320d8c8850d','2019'  
  'Null started following you','1747','0x41a322b28d0ff354040e2cbc676f0320d8c8850d','2019'  
  'hello admin pm me','1684','0x41A322b28D0fF354040e2CbC676F0320d8c8850d','2019'  
  '$LAVE','1597','0x41A322b28D0fF354040e2CbC676F0320d8c8850d','2019'  
  'Null Liked Your Post','1498','0x41a322b28d0ff354040e2cbc676f0320d8c8850d','2019'  
  'Born to Buy','1340','0x41a322b28d0ff354040e2cbc676f0320d8c8850d','2018'  
  'Lurk','1336','0x41a322b28d0ff354040e2cbc676f0320d8c8850d','2018'  
  'The Jungle','1329','0x41a322b28d0ff354040e2cbc676f0320d8c8850d','2018'  
  'Chatbot and Chill?','1237','0x41a322b28d0ff354040e2cbc676f0320d8c8850d','2018'  
  'Remnant','1198','0x41A322b28D0fF354040e2CbC676F0320d8c8850d','2018'  
  'Crunch','1180','0x41A322b28D0fF354040e2CbC676F0320d8c8850d','2018'  
  'Right-click and Save As guy','1154','0x41A322b28D0fF354040e2CbC676F0320d8c8850d','2018'  
  'The Good Men Who Do Nothing','1100','0x41a322b28d0ff354040e2cbc676f0320d8c8850d','2018'  
  'Man with new iPhone on the Hammersmith & City line','1077','0x41a322b28d0ff354040e2cbc676f0320d8c8850d','2018'  
  'LIES (Blue)','1056','0x41A322b28D0fF354040e2CbC676F0320d8c8850d','2018'  
  'LIES (Black)','1057','0x41A322b28D0fF354040e2CbC676F0320d8c8850d','2018'  
  'LIES (Red)','1055','0x41A322b28D0fF354040e2CbC676F0320d8c8850d','2018'  
  'Dead Cat Bounce','1032','0x41a322b28d0ff354040e2cbc676f0320d8c8850d','2018'  
  'Lockup','1022','0x41a322b28d0ff354040e2cbc676f0320d8c8850d','2018'  
  'Generation Null','992','0x41A322b28D0fF354040e2CbC676F0320d8c8850d','2018'  
  'And how does that make you feel','991','0x41A322b28D0fF354040e2CbC676F0320d8c8850d','2018'  
  'REKT Guts','990','0x41A322b28D0fF354040e2CbC676F0320d8c8850d','2018'  
  'Distortion Therapy','982','0x41a322b28d0ff354040e2cbc676f0320d8c8850d','2018'  
  'Tap your card when you''re ready sir','971','0x41a322b28d0ff354040e2cbc676f0320d8c8850d','2018'  
  'Alight here for Dystopia','951','0x41A322b28D0fF354040e2CbC676F0320d8c8850d','2018'  
  'Jobsworth 2029','928','0x41a322b28d0ff354040e2cbc676f0320d8c8850d','2018'  
  'WANT_3','753','0x41a322b28d0ff354040e2cbc676f0320d8c8850d','2018'  
  'WANT_2','752','0x41a322b28d0ff354040e2cbc676f0320d8c8850d','2018'  
  'WANT_1','751','0x41a322b28d0ff354040e2cbc676f0320d8c8850d','2018'  
  'One squeeze is enough for a sink full of dishes','643','0x41A322b28D0fF354040e2CbC676F0320d8c8850d','2018'  
  'Don''t Scroll','642','0x41A322b28D0fF354040e2CbC676F0320d8c8850d','2018'  
  'Loading New Conflict... Redux 6','512','0x41A322b28D0fF354040e2CbC676F0320d8c8850d','2018'  
  'Loading New Conflict... Redux 5','511','0x41A322b28D0fF354040e2CbC676F0320d8c8850d','2018'  
  'Loading New Conflict... Redux 4','510','0x41A322b28D0fF354040e2CbC676F0320d8c8850d','2018'  
  'Loading New Conflict... Redux 3','509','0x41A322b28D0fF354040e2CbC676F0320d8c8850d','2018'  
  'Loading New Conflict... Redux 2','508','0x41A322b28D0fF354040e2CbC676F0320d8c8850d','2018'  
  'Loading New Conflict... Redux 1','507','0x41A322b28D0fF354040e2CbC676F0320d8c8850d','2018'  
  'Loading New Conflict...','506','0x41a322b28d0ff354040e2cbc676f0320d8c8850d','2018'  
  'Departed','150','0x41A322b28D0fF354040e2CbC676F0320d8c8850d','2018'  
  'Never','147','0x41a322b28d0ff354040e2cbc676f0320d8c8850d','2018'  
  'Not So Fungible Offering','124','0x41a322b28d0ff354040e2cbc676f0320d8c8850d','2018'  
  'Two Humans','110','0x41a322b28d0ff354040e2cbc676f0320d8c8850d','2018'  
  'Dissolution','108','0x41A322b28D0fF354040e2CbC676F0320d8c8850d','2018'  
  'Post Debt','16','0x41a322b28d0ff354040e2cbc676f0320d8c8850d','2018'  
  'Chart Riot','15','0x41a322b28d0ff354040e2cbc676f0320d8c8850d','2018'  
  'Death Dip','14','0x41a322b28d0ff354040e2cbc676f0320d8c8850d','2018'  
  'Anxiety','13','0x41a322b28d0ff354040e2cbc676f0320d8c8850d','2018'  
  'Reflection','12','0x41a322b28d0ff354040e2cbc676f0320d8c8850d','2018'  
  'All Time High in the City','11','0x41a322b28d0ff354040e2cbc676f0320d8c8850d','2018'  
  'A Coin for the Ferryman','10','0x41a322b28d0ff354040e2cbc676f0320d8c8850d','2018'  
  'Greedy Guts','9','0x41a322b28d0ff354040e2cbc676f0320d8c8850d','2018'  
  'Vaping Won''t Save You','8','0x41a322b28d0ff354040e2cbc676f0320d8c8850d','2018'  
  'Some Asshole','7','0x41a322b28d0ff354040e2cbc676f0320d8c8850d','2018'  
  'Feeding','6','0x41a322b28d0ff354040e2cbc676f0320d8c8850d','2018'  
  'Echoes of a Dead Earth','5','0x41a322b28d0ff354040e2cbc676f0320d8c8850d','2018'